location,date,age_group_min,age_group_max,people_vaccinated_per_hundred,people_fully_vaccinated_per_hundred,people_with_booster_per_hundred
Slovakia,2021-01-01,18,24,0.0,0.0,0.0
Slovakia,2021-01-01,25,49,0.01,0.0,0.0
Slovakia,2021-01-01,50,59,0.01,0.0,0.0
Slovakia,2021-01-01,60,69,0.0,0.0,0.0
Slovakia,2021-01-01,70,79,0.0,0.0,0.0
Slovakia,2021-01-01,80,,0.0,0.0,0.0
Slovakia,2021-01-08,0,4,0.0,0.0,0.0
Slovakia,2021-01-08,10,14,0.0,0.0,0.0
Slovakia,2021-01-08,15,17,0.01,0.0,0.0
Slovakia,2021-01-08,18,24,0.39,0.0,0.0
Slovakia,2021-01-08,25,49,0.78,0.0,0.0
Slovakia,2021-01-08,50,59,1.05,0.0,0.0
Slovakia,2021-01-08,60,69,0.65,0.0,0.0
Slovakia,2021-01-08,70,79,0.25,0.0,0.0
Slovakia,2021-01-08,80,,0.1,0.0,0.0
Slovakia,2021-01-15,15,17,0.02,0.0,0.0
Slovakia,2021-01-15,18,24,0.91,0.0,0.0
Slovakia,2021-01-15,25,49,1.63,0.0,0.0
Slovakia,2021-01-15,50,59,2.19,0.0,0.0
Slovakia,2021-01-15,60,69,1.36,0.0,0.0
Slovakia,2021-01-15,70,79,0.49,0.0,0.0
Slovakia,2021-01-15,80,,0.2,0.0,0.0
Slovakia,2021-01-22,15,17,0.02,0.0,0.0
Slovakia,2021-01-22,18,24,1.6,0.02,0.0
Slovakia,2021-01-22,25,49,2.49,0.08,0.0
Slovakia,2021-01-22,50,59,3.35,0.1,0.0
Slovakia,2021-01-22,60,69,2.04,0.06,0.0
Slovakia,2021-01-22,70,79,0.85,0.02,0.0
Slovakia,2021-01-22,80,,0.78,0.01,0.0
Slovakia,2021-01-29,15,17,0.03,0.0,0.0
Slovakia,2021-01-29,18,24,2.12,0.09,0.0
Slovakia,2021-01-29,25,49,2.92,0.26,0.0
Slovakia,2021-01-29,50,59,3.91,0.34,0.0
Slovakia,2021-01-29,60,69,2.58,0.22,0.0
Slovakia,2021-01-29,70,79,2.68,0.08,0.0
Slovakia,2021-01-29,80,,8.46,0.03,0.0
Slovakia,2021-02-05,0,4,0.0,0.0,0.0
Slovakia,2021-02-05,15,17,0.03,0.01,0.0
Slovakia,2021-02-05,18,24,2.39,0.39,0.0
Slovakia,2021-02-05,25,49,3.13,0.85,0.0
Slovakia,2021-02-05,50,59,4.2,1.13,0.0
Slovakia,2021-02-05,60,69,3.01,0.71,0.0
Slovakia,2021-02-05,70,79,7.72,0.27,0.0
Slovakia,2021-02-05,80,,16.31,0.11,0.0
Slovakia,2021-02-12,15,17,0.03,0.01,0.0
Slovakia,2021-02-12,18,24,2.85,0.9,0.0
Slovakia,2021-02-12,25,49,3.88,1.64,0.0
Slovakia,2021-02-12,50,59,4.98,2.22,0.0
Slovakia,2021-02-12,60,69,3.55,1.38,0.0
Slovakia,2021-02-12,70,79,11.17,0.52,0.0
Slovakia,2021-02-12,80,,21.79,0.25,0.0
Slovakia,2021-02-19,15,17,0.03,0.02,0.0
Slovakia,2021-02-19,18,24,3.15,1.55,0.0
Slovakia,2021-02-19,25,49,4.65,2.44,0.0
Slovakia,2021-02-19,5,9,0.0,0.0,0.0
Slovakia,2021-02-19,50,59,6.08,3.28,0.0
Slovakia,2021-02-19,60,69,4.36,2.03,0.0
Slovakia,2021-02-19,70,79,12.59,0.87,0.0
Slovakia,2021-02-19,80,,23.84,0.81,0.0
Slovakia,2021-02-26,15,17,0.03,0.02,0.0
Slovakia,2021-02-26,18,24,3.56,2.06,0.0
Slovakia,2021-02-26,25,49,5.65,2.89,0.0
Slovakia,2021-02-26,5,9,0.0,0.0,0.0
Slovakia,2021-02-26,50,59,6.97,3.86,0.0
Slovakia,2021-02-26,60,69,4.72,2.55,0.0
Slovakia,2021-02-26,70,79,13.68,2.46,0.0
Slovakia,2021-02-26,80,,25.58,7.92,0.0
Slovakia,2021-03-05,0,4,0.0,0.0,0.0
Slovakia,2021-03-05,15,17,0.04,0.02,0.0
Slovakia,2021-03-05,18,24,4.17,2.33,0.0
Slovakia,2021-03-05,25,49,7.05,3.11,0.0
Slovakia,2021-03-05,50,59,8.64,4.17,0.0
Slovakia,2021-03-05,60,69,5.55,2.99,0.0
Slovakia,2021-03-05,70,79,14.09,7.48,0.0
Slovakia,2021-03-05,80,,26.32,16.0,0.0
Slovakia,2021-03-12,15,17,0.04,0.02,0.0
Slovakia,2021-03-12,18,24,4.34,2.68,0.0
Slovakia,2021-03-12,25,49,7.39,3.38,0.0
Slovakia,2021-03-12,50,59,9.18,4.55,0.0
Slovakia,2021-03-12,60,69,11.18,3.52,0.0
Slovakia,2021-03-12,70,79,17.9,10.89,0.0
Slovakia,2021-03-12,80,,27.57,21.51,0.0
Slovakia,2021-03-19,15,17,0.05,0.03,0.0
Slovakia,2021-03-19,18,24,4.72,2.89,0.0
Slovakia,2021-03-19,25,49,7.92,3.6,0.0
Slovakia,2021-03-19,5,9,0.0,0.0,0.0
Slovakia,2021-03-19,50,59,10.44,5.21,0.0
Slovakia,2021-03-19,60,69,16.41,4.32,0.0
Slovakia,2021-03-19,70,79,28.52,12.31,0.0
Slovakia,2021-03-19,80,,30.8,23.6,0.0
Slovakia,2021-03-26,15,17,0.05,0.03,0.0
Slovakia,2021-03-26,18,24,5.14,3.1,0.0
Slovakia,2021-03-26,25,49,8.54,3.8,0.0
Slovakia,2021-03-26,5,9,0.0,0.0,0.0
Slovakia,2021-03-26,50,59,12.8,5.54,0.0
Slovakia,2021-03-26,60,69,19.97,4.69,0.0
Slovakia,2021-03-26,70,79,39.52,13.4,0.0
Slovakia,2021-03-26,80,,37.41,25.39,0.0
Slovakia,2021-04-02,15,17,0.06,0.03,0.0
Slovakia,2021-04-02,18,24,5.46,3.16,0.0
Slovakia,2021-04-02,25,49,9.03,3.91,0.0
Slovakia,2021-04-02,50,59,15.7,5.7,0.0
Slovakia,2021-04-02,60,69,25.33,4.91,0.0
Slovakia,2021-04-02,70,79,45.73,13.75,0.0
Slovakia,2021-04-02,80,,39.45,25.99,0.0
Slovakia,2021-04-09,15,17,0.07,0.03,0.0
Slovakia,2021-04-09,18,24,5.88,3.24,0.0
Slovakia,2021-04-09,25,49,9.86,4.04,0.0
Slovakia,2021-04-09,5,9,0.0,0.0,0.0
Slovakia,2021-04-09,50,59,21.33,5.95,0.0
Slovakia,2021-04-09,60,69,30.68,5.36,0.0
Slovakia,2021-04-09,70,79,48.79,17.44,0.0
Slovakia,2021-04-09,80,,40.86,27.22,0.0
Slovakia,2021-04-16,10,14,0.0,0.0,0.0
Slovakia,2021-04-16,15,17,0.07,0.04,0.0
Slovakia,2021-04-16,18,24,6.21,3.34,0.0
Slovakia,2021-04-16,25,49,11.77,4.2,0.0
Slovakia,2021-04-16,5,9,0.0,0.0,0.0
Slovakia,2021-04-16,50,59,24.34,6.25,0.0
Slovakia,2021-04-16,60,69,34.32,5.93,0.0
Slovakia,2021-04-16,70,79,50.82,27.57,0.0
Slovakia,2021-04-16,80,,42.12,30.38,0.0
Slovakia,2021-04-23,15,17,0.07,0.05,0.0
Slovakia,2021-04-23,18,24,6.56,3.52,0.0
Slovakia,2021-04-23,25,49,13.12,4.83,0.0
Slovakia,2021-04-23,50,59,26.18,7.16,0.0
Slovakia,2021-04-23,60,69,37.15,7.08,0.0
Slovakia,2021-04-23,70,79,52.24,37.83,0.0
Slovakia,2021-04-23,80,,43.13,36.93,0.0
Slovakia,2021-04-30,10,14,0.0,0.0,0.0
Slovakia,2021-04-30,15,17,0.49,0.05,0.0
Slovakia,2021-04-30,18,24,7.26,3.65,0.0
Slovakia,2021-04-30,25,49,14.79,5.32,0.0
Slovakia,2021-04-30,5,9,0.0,0.0,0.0
Slovakia,2021-04-30,50,59,27.66,7.83,0.0
Slovakia,2021-04-30,60,69,41.63,11.79,0.0
Slovakia,2021-04-30,70,79,54.2,44.73,0.0
Slovakia,2021-04-30,80,,44.38,39.04,0.0
Slovakia,2021-05-07,0,4,0.0,0.0,0.0
Slovakia,2021-05-07,10,14,0.0,0.0,0.0
Slovakia,2021-05-07,15,17,0.75,0.05,0.0
Slovakia,2021-05-07,18,24,8.66,3.87,0.0
Slovakia,2021-05-07,25,49,16.99,6.24,0.0
Slovakia,2021-05-07,50,59,31.21,8.84,0.0
Slovakia,2021-05-07,60,69,46.65,16.98,0.0
Slovakia,2021-05-07,70,79,56.16,48.19,0.0
Slovakia,2021-05-07,80,,45.82,40.51,0.0
Slovakia,2021-05-14,10,14,0.0,0.0,0.0
Slovakia,2021-05-14,15,17,0.97,0.06,0.0
Slovakia,2021-05-14,18,24,10.03,4.39,0.0
Slovakia,2021-05-14,25,49,20.1,7.65,0.0
Slovakia,2021-05-14,50,59,37.12,10.6,0.0
Slovakia,2021-05-14,60,69,51.8,21.03,0.0
Slovakia,2021-05-14,70,79,57.66,50.25,0.0
Slovakia,2021-05-14,80,,46.99,41.8,0.0
Slovakia,2021-05-21,0,4,0.0,0.0,0.0
Slovakia,2021-05-21,10,14,0.0,0.0,0.0
Slovakia,2021-05-21,15,17,2.66,0.06,0.0
Slovakia,2021-05-21,18,24,13.07,4.72,0.0
Slovakia,2021-05-21,25,49,25.16,8.37,0.0
Slovakia,2021-05-21,50,59,40.47,11.58,0.0
Slovakia,2021-05-21,60,69,54.36,28.76,0.0
Slovakia,2021-05-21,70,79,59.15,51.96,0.0
Slovakia,2021-05-21,80,,48.08,42.85,0.0
Slovakia,2021-05-28,10,14,0.0,0.0,0.0
Slovakia,2021-05-28,15,17,4.52,0.37,0.0
Slovakia,2021-05-28,18,24,16.5,5.39,0.0
Slovakia,2021-05-28,25,49,30.01,9.33,0.0
Slovakia,2021-05-28,50,59,43.32,13.05,0.0
Slovakia,2021-05-28,60,69,56.03,37.03,0.0
Slovakia,2021-05-28,70,79,60.19,54.0,0.0
Slovakia,2021-05-28,80,,48.86,44.12,0.0
Slovakia,2021-06-04,0,4,0.0,0.0,0.0
Slovakia,2021-06-04,10,14,0.0,0.0,0.0
Slovakia,2021-06-04,15,17,6.85,0.59,0.0
Slovakia,2021-06-04,18,24,20.95,6.77,0.0
Slovakia,2021-06-04,25,49,33.1,11.12,0.0
Slovakia,2021-06-04,50,59,44.73,17.89,0.0
Slovakia,2021-06-04,60,69,57.15,44.66,0.0
Slovakia,2021-06-04,70,79,60.98,56.03,0.0
Slovakia,2021-06-04,80,,49.56,45.51,0.0
Slovakia,2021-06-11,0,4,0.0,0.0,0.0
Slovakia,2021-06-11,10,14,0.09,0.0,0.0
Slovakia,2021-06-11,15,17,8.56,0.81,0.0
Slovakia,2021-06-11,18,24,24.05,8.35,0.0
Slovakia,2021-06-11,25,49,34.86,14.26,0.0
Slovakia,2021-06-11,5,9,0.0,0.0,0.0
Slovakia,2021-06-11,50,59,45.95,25.95,0.0
Slovakia,2021-06-11,60,69,58.0,50.54,0.0
Slovakia,2021-06-11,70,79,61.63,57.53,0.0
Slovakia,2021-06-11,80,,50.17,46.64,0.0
Slovakia,2021-06-18,0,4,0.0,0.0,0.0
Slovakia,2021-06-18,10,14,0.2,0.0,0.0
Slovakia,2021-06-18,15,17,10.15,2.03,0.0
Slovakia,2021-06-18,18,24,27.24,10.91,0.0
Slovakia,2021-06-18,25,49,36.2,19.05,0.0
Slovakia,2021-06-18,50,59,46.98,33.93,0.0
Slovakia,2021-06-18,60,69,58.88,53.38,0.0
Slovakia,2021-06-18,70,79,62.24,58.98,0.0
Slovakia,2021-06-18,80,,50.66,47.72,0.0
Slovakia,2021-06-25,10,14,1.05,0.0,0.0
Slovakia,2021-06-25,15,17,12.61,3.57,0.0
Slovakia,2021-06-25,18,24,29.47,14.28,0.0
Slovakia,2021-06-25,25,49,37.36,25.03,0.0
Slovakia,2021-06-25,50,59,47.8,39.37,0.0
Slovakia,2021-06-25,60,69,59.6,55.15,0.0
Slovakia,2021-06-25,70,79,62.76,59.97,0.0
Slovakia,2021-06-25,80,,51.13,48.45,0.0
Slovakia,2021-07-02,0,4,0.0,0.0,0.0
Slovakia,2021-07-02,10,14,2.67,0.01,0.0
Slovakia,2021-07-02,15,17,16.31,5.36,0.0
Slovakia,2021-07-02,18,24,32.85,18.45,0.0
Slovakia,2021-07-02,25,49,38.99,29.72,0.0
Slovakia,2021-07-02,5,9,0.0,0.0,0.0
Slovakia,2021-07-02,50,59,49.06,43.08,0.0
Slovakia,2021-07-02,60,69,60.39,56.64,0.0
Slovakia,2021-07-02,70,79,63.3,60.94,0.0
Slovakia,2021-07-02,80,,51.57,49.27,0.0
Slovakia,2021-07-09,0,4,0.0,0.0,0.0
Slovakia,2021-07-09,10,14,4.01,0.07,0.0
Slovakia,2021-07-09,15,17,20.07,7.42,0.0
Slovakia,2021-07-09,18,24,36.01,22.41,0.0
Slovakia,2021-07-09,25,49,40.72,33.2,0.0
Slovakia,2021-07-09,50,59,50.38,45.34,0.0
Slovakia,2021-07-09,60,69,61.07,57.8,0.0
Slovakia,2021-07-09,70,79,63.71,61.77,0.0
Slovakia,2021-07-09,80,,51.89,49.93,0.0
Slovakia,2021-07-16,0,4,0.0,0.0,0.0
Slovakia,2021-07-16,10,14,5.0,0.14,0.0
Slovakia,2021-07-16,15,17,22.53,9.01,0.0
Slovakia,2021-07-16,18,24,38.37,26.39,0.0
Slovakia,2021-07-16,25,49,42.15,35.74,0.0
Slovakia,2021-07-16,50,59,51.46,46.99,0.0
Slovakia,2021-07-16,60,69,61.68,58.8,0.0
Slovakia,2021-07-16,70,79,64.11,62.42,0.0
Slovakia,2021-07-16,80,,52.27,50.44,0.0
Slovakia,2021-07-23,0,4,0.01,0.0,0.0
Slovakia,2021-07-23,10,14,5.73,1.05,0.0
Slovakia,2021-07-23,15,17,24.12,11.65,0.0
Slovakia,2021-07-23,18,24,39.77,29.23,0.0
Slovakia,2021-07-23,25,49,42.94,37.39,0.0
Slovakia,2021-07-23,50,59,52.16,48.04,0.0
Slovakia,2021-07-23,60,69,62.17,59.56,0.0
Slovakia,2021-07-23,70,79,64.48,62.97,0.0
Slovakia,2021-07-23,80,,52.59,50.96,0.0
Slovakia,2021-07-30,0,4,0.01,0.0,0.0
Slovakia,2021-07-30,10,14,6.38,2.16,0.0
Slovakia,2021-07-30,15,17,25.48,14.58,0.0
Slovakia,2021-07-30,18,24,40.89,32.31,0.0
Slovakia,2021-07-30,25,49,43.66,39.0,0.0
Slovakia,2021-07-30,5,9,0.0,0.0,0.0
Slovakia,2021-07-30,50,59,52.84,49.29,0.0
Slovakia,2021-07-30,60,69,62.62,60.36,0.0
Slovakia,2021-07-30,70,79,64.8,63.51,0.0
Slovakia,2021-07-30,80,,52.9,51.45,0.0
Slovakia,2021-08-06,0,4,0.01,0.0,0.0
Slovakia,2021-08-06,10,14,7.04,3.36,0.0
Slovakia,2021-08-06,15,17,26.82,18.05,0.0
Slovakia,2021-08-06,18,24,41.99,35.46,0.0
Slovakia,2021-08-06,25,49,44.41,40.55,0.0
Slovakia,2021-08-06,50,59,53.6,50.5,0.0
Slovakia,2021-08-06,60,69,63.17,61.03,0.0
Slovakia,2021-08-06,70,79,65.21,63.94,0.0
Slovakia,2021-08-06,80,,53.28,51.79,0.0
Slovakia,2021-08-13,0,4,0.01,0.0,0.0
Slovakia,2021-08-13,10,14,7.61,4.37,0.0
Slovakia,2021-08-13,15,17,27.82,20.72,0.0
Slovakia,2021-08-13,18,24,42.94,37.9,0.0
Slovakia,2021-08-13,25,49,45.06,41.91,0.0
Slovakia,2021-08-13,5,9,0.0,0.0,0.0
Slovakia,2021-08-13,50,59,54.22,51.6,0.0
Slovakia,2021-08-13,60,69,63.58,61.7,0.0
Slovakia,2021-08-13,70,79,65.55,64.4,0.0
Slovakia,2021-08-13,80,,53.59,52.24,0.0
Slovakia,2021-08-20,0,4,0.01,0.0,0.0
Slovakia,2021-08-20,10,14,8.21,5.07,0.0
Slovakia,2021-08-20,15,17,28.89,22.58,0.0
Slovakia,2021-08-20,18,24,44.04,39.6,0.0
Slovakia,2021-08-20,25,49,45.74,42.9,0.0
Slovakia,2021-08-20,5,9,0.0,0.0,0.0
Slovakia,2021-08-20,50,59,54.85,52.42,0.0
Slovakia,2021-08-20,60,69,63.99,62.22,0.0
Slovakia,2021-08-20,70,79,65.88,64.77,0.0
Slovakia,2021-08-20,80,,53.88,52.57,0.0
Slovakia,2021-08-27,10,14,8.75,5.86,0.0
Slovakia,2021-08-27,15,17,29.8,24.16,0.0
Slovakia,2021-08-27,18,24,44.87,40.84,0.0
Slovakia,2021-08-27,25,49,46.26,43.68,0.0
Slovakia,2021-08-27,50,59,55.33,53.14,0.0
Slovakia,2021-08-27,60,69,64.32,62.72,0.0
Slovakia,2021-08-27,70,79,66.13,65.11,0.0
Slovakia,2021-08-27,80,,54.12,52.88,0.0
Slovakia,2021-09-03,10,14,9.2,6.44,0.0
Slovakia,2021-09-03,15,17,30.46,25.36,0.0
Slovakia,2021-09-03,18,24,45.61,41.9,0.0
Slovakia,2021-09-03,25,49,46.63,44.31,0.0
Slovakia,2021-09-03,50,59,55.63,53.73,0.0
Slovakia,2021-09-03,60,69,64.51,63.14,0.0
Slovakia,2021-09-03,70,79,66.28,65.44,0.0
Slovakia,2021-09-03,80,,54.26,53.18,0.0
Slovakia,2021-09-10,0,4,0.01,0.01,0.0
Slovakia,2021-09-10,10,14,9.47,7.12,0.0
Slovakia,2021-09-10,15,17,30.96,26.61,0.0
Slovakia,2021-09-10,18,24,46.2,42.84,0.0
Slovakia,2021-09-10,25,49,46.95,44.9,0.0
Slovakia,2021-09-10,50,59,55.89,54.26,0.0
Slovakia,2021-09-10,60,69,64.69,63.51,0.0
Slovakia,2021-09-10,70,79,66.45,65.75,0.0
Slovakia,2021-09-10,80,,54.42,53.46,0.0
Slovakia,2021-09-17,10,14,9.72,7.61,0.0
Slovakia,2021-09-17,15,17,31.44,27.59,0.0
Slovakia,2021-09-17,18,24,46.86,43.74,0.0
Slovakia,2021-09-17,25,49,47.31,45.43,0.0
Slovakia,2021-09-17,5,9,0.0,0.0,0.0
Slovakia,2021-09-17,50,59,56.17,54.77,0.0
Slovakia,2021-09-17,60,69,64.9,63.85,0.0
Slovakia,2021-09-17,70,79,66.6,66.04,0.0
Slovakia,2021-09-17,80,,54.59,53.72,0.0
Slovakia,2021-09-24,0,4,0.01,0.01,0.0
Slovakia,2021-09-24,10,14,10.01,8.13,0.0
Slovakia,2021-09-24,15,17,32.0,28.55,0.0
Slovakia,2021-09-24,18,24,47.63,44.59,0.0
Slovakia,2021-09-24,25,49,47.75,45.93,0.0
Slovakia,2021-09-24,5,9,0.01,0.0,0.0
Slovakia,2021-09-24,50,59,56.52,55.2,0.0
Slovakia,2021-09-24,60,69,65.17,64.17,0.0
Slovakia,2021-09-24,70,79,66.81,66.28,0.0
Slovakia,2021-09-24,80,,54.83,53.97,0.0
Slovakia,2021-10-01,0,4,0.01,0.01,0.0
Slovakia,2021-10-01,10,14,10.24,8.58,0.0
Slovakia,2021-10-01,15,17,32.54,29.32,0.0
Slovakia,2021-10-01,18,24,48.27,45.33,0.0
Slovakia,2021-10-01,25,49,48.13,46.35,0.0
Slovakia,2021-10-01,50,59,56.85,55.54,0.0
Slovakia,2021-10-01,60,69,65.42,64.39,0.0
Slovakia,2021-10-01,70,79,67.0,66.45,0.0
Slovakia,2021-10-01,80,,55.05,54.13,0.0
Slovakia,2021-10-08,0,4,0.01,0.01,0.0
Slovakia,2021-10-08,10,14,10.47,8.9,0.0
Slovakia,2021-10-08,15,17,33.1,29.88,0.0
Slovakia,2021-10-08,18,24,48.79,45.93,0.0
Slovakia,2021-10-08,25,49,48.46,46.71,0.0
Slovakia,2021-10-08,5,9,0.01,0.0,0.0
Slovakia,2021-10-08,50,59,57.11,55.83,0.0
Slovakia,2021-10-08,60,69,65.6,64.59,0.01
Slovakia,2021-10-08,70,79,67.17,66.63,0.0
Slovakia,2021-10-08,80,,55.23,54.29,0.0
Slovakia,2021-10-15,10,14,10.69,9.15,0.0
Slovakia,2021-10-15,15,17,33.51,30.35,0.0
Slovakia,2021-10-15,18,24,49.22,46.51,0.01
Slovakia,2021-10-15,25,49,48.73,47.03,0.01
Slovakia,2021-10-15,5,9,0.01,0.0,0.0
Slovakia,2021-10-15,50,59,57.32,56.08,0.02
Slovakia,2021-10-15,60,69,65.76,64.78,0.02
Slovakia,2021-10-15,70,79,67.29,66.77,0.02
Slovakia,2021-10-15,80,,55.37,54.45,0.03
Slovakia,2021-10-22,0,4,0.01,0.01,0.0
Slovakia,2021-10-22,10,14,10.91,9.43,0.0
Slovakia,2021-10-22,15,17,33.97,30.92,0.0
Slovakia,2021-10-22,18,24,49.61,47.14,0.09
Slovakia,2021-10-22,25,49,49.0,47.41,0.3
Slovakia,2021-10-22,5,9,0.01,0.0,0.0
Slovakia,2021-10-22,50,59,57.51,56.38,0.52
Slovakia,2021-10-22,60,69,65.91,65.02,0.66
Slovakia,2021-10-22,70,79,67.42,66.97,0.9
Slovakia,2021-10-22,80,,55.5,54.64,0.78
Slovakia,2021-10-29,0,4,0.01,0.01,0.0
Slovakia,2021-10-29,10,14,11.18,9.65,0.0
Slovakia,2021-10-29,15,17,34.42,31.41,0.0
Slovakia,2021-10-29,18,24,50.05,47.72,0.21
Slovakia,2021-10-29,25,49,49.29,47.76,0.63
Slovakia,2021-10-29,5,9,0.01,0.0,0.0
Slovakia,2021-10-29,50,59,57.73,56.69,1.24
Slovakia,2021-10-29,60,69,66.06,65.25,1.86
Slovakia,2021-10-29,70,79,67.55,67.15,3.92
Slovakia,2021-10-29,80,,55.64,54.84,4.12
Slovakia,2021-11-05,0,4,0.01,0.01,0.0
Slovakia,2021-11-05,10,14,11.45,9.86,0.0
Slovakia,2021-11-05,15,17,34.88,31.89,0.01
Slovakia,2021-11-05,18,24,50.53,48.23,0.35
Slovakia,2021-11-05,25,49,49.66,48.13,0.97
Slovakia,2021-11-05,5,9,0.02,0.0,0.0
Slovakia,2021-11-05,50,59,58.02,56.98,2.08
Slovakia,2021-11-05,60,69,66.24,65.43,3.8
Slovakia,2021-11-05,70,79,67.68,67.3,11.67
Slovakia,2021-11-05,80,,55.77,54.99,10.81
Slovakia,2021-11-12,0,4,0.01,0.01,0.0
Slovakia,2021-11-12,10,14,11.83,10.08,0.0
Slovakia,2021-11-12,15,17,35.64,32.38,0.01
Slovakia,2021-11-12,18,24,51.5,48.98,0.58
Slovakia,2021-11-12,25,49,50.5,48.68,1.55
Slovakia,2021-11-12,5,9,0.03,0.0,0.0
Slovakia,2021-11-12,50,59,58.73,57.41,3.17
Slovakia,2021-11-12,60,69,66.66,65.68,6.85
Slovakia,2021-11-12,70,79,68.0,67.47,20.98
Slovakia,2021-11-12,80,,56.08,55.18,18.37
Slovakia,2021-11-19,0,4,0.01,0.01,0.0
Slovakia,2021-11-19,10,14,12.29,10.27,0.0
Slovakia,2021-11-19,15,17,36.72,32.77,0.01
Slovakia,2021-11-19,18,24,53.12,49.91,0.92
Slovakia,2021-11-19,25,49,51.8,49.35,2.48
Slovakia,2021-11-19,5,9,0.03,0.01,0.0
Slovakia,2021-11-19,50,59,59.77,57.92,4.61
Slovakia,2021-11-19,60,69,67.23,65.95,10.04
Slovakia,2021-11-19,70,79,68.39,67.65,27.44
Slovakia,2021-11-19,80,,56.4,55.32,23.57
Slovakia,2021-11-26,0,4,0.01,0.01,0.0
Slovakia,2021-11-26,10,14,12.97,10.55,0.0
Slovakia,2021-11-26,15,17,38.16,33.28,0.02
Slovakia,2021-11-26,18,24,54.92,50.99,1.41
Slovakia,2021-11-26,25,49,53.13,50.11,3.6
Slovakia,2021-11-26,5,9,0.05,0.02,0.0
Slovakia,2021-11-26,50,59,60.87,58.47,6.34
Slovakia,2021-11-26,60,69,67.96,66.27,15.35
Slovakia,2021-11-26,70,79,68.94,67.88,33.71
Slovakia,2021-11-26,80,,56.91,55.53,28.55
Slovakia,2021-12-03,0,4,0.01,0.01,0.0
Slovakia,2021-12-03,10,14,13.44,10.8,0.0
Slovakia,2021-12-03,15,17,39.04,33.75,0.04
Slovakia,2021-12-03,18,24,55.75,51.58,1.95
Slovakia,2021-12-03,25,49,53.77,50.54,4.74
Slovakia,2021-12-03,5,9,0.06,0.02,0.0
Slovakia,2021-12-03,50,59,61.47,58.83,8.22
Slovakia,2021-12-03,60,69,68.47,66.51,22.18
Slovakia,2021-12-03,70,79,69.37,68.05,39.09
Slovakia,2021-12-03,80,,57.35,55.7,32.66
Slovakia,2021-12-10,10,14,13.75,11.12,0.0
Slovakia,2021-12-10,15,17,39.64,34.4,0.07
Slovakia,2021-12-10,18,24,56.3,52.26,2.52
Slovakia,2021-12-10,25,49,54.2,51.09,6.02
Slovakia,2021-12-10,5,9,0.08,0.02,0.0
Slovakia,2021-12-10,50,59,61.86,59.3,11.14
Slovakia,2021-12-10,60,69,69.08,66.86,31.56
Slovakia,2021-12-10,70,79,69.92,68.33,44.86
Slovakia,2021-12-10,80,,57.92,55.96,36.94
Slovakia,2021-12-17,0,4,0.01,0.01,0.0
Slovakia,2021-12-17,10,14,14.15,11.5,0.01
Slovakia,2021-12-17,15,17,40.25,35.26,0.16
Slovakia,2021-12-17,18,24,56.79,53.17,4.01
Slovakia,2021-12-17,25,49,54.53,51.85,8.75
Slovakia,2021-12-17,5,9,0.08,0.03,0.0
Slovakia,2021-12-17,50,59,62.14,59.95,15.86
Slovakia,2021-12-17,60,69,69.8,67.32,40.7
Slovakia,2021-12-17,70,79,70.57,68.67,50.97
Slovakia,2021-12-17,80,,58.64,56.27,41.44
Slovakia,2021-12-24,0,4,0.01,0.01,0.0
Slovakia,2021-12-24,10,14,14.4,11.88,0.02
Slovakia,2021-12-24,15,17,40.62,36.05,0.26
Slovakia,2021-12-24,18,24,57.04,53.8,5.89
Slovakia,2021-12-24,25,49,54.69,52.32,10.8
Slovakia,2021-12-24,5,9,0.11,0.05,0.0
Slovakia,2021-12-24,50,59,62.28,60.39,18.77
Slovakia,2021-12-24,60,69,70.12,67.67,44.21
Slovakia,2021-12-24,70,79,70.84,68.95,53.36
Slovakia,2021-12-24,80,,58.92,56.51,43.35
Slovakia,2021-12-31,0,4,0.01,0.01,0.0
Slovakia,2021-12-31,10,14,14.61,12.27,0.02
Slovakia,2021-12-31,15,17,40.92,36.82,0.36
Slovakia,2021-12-31,18,24,57.24,54.31,8.28
Slovakia,2021-12-31,25,49,54.83,52.78,13.31
Slovakia,2021-12-31,5,9,0.11,0.05,0.0
Slovakia,2021-12-31,50,59,62.4,60.81,22.3
Slovakia,2021-12-31,60,69,70.39,68.04,47.57
Slovakia,2021-12-31,70,79,71.07,69.26,55.57
Slovakia,2021-12-31,80,,59.16,56.81,45.5
Slovakia,2022-01-07,0,4,0.01,0.01,0.0
Slovakia,2022-01-07,10,14,15.68,12.72,0.03
Slovakia,2022-01-07,15,17,41.44,37.66,0.49
Slovakia,2022-01-07,18,24,57.63,54.91,10.48
Slovakia,2022-01-07,25,49,55.06,53.26,16.29
Slovakia,2022-01-07,5,9,1.1,0.07,0.0
Slovakia,2022-01-07,50,59,62.54,61.22,26.73
Slovakia,2022-01-07,60,69,70.62,68.57,51.92
Slovakia,2022-01-07,70,79,71.27,69.75,59.05
Slovakia,2022-01-07,80,,59.39,57.29,47.98
Slovakia,2022-01-14,0,4,0.01,0.01,0.0
Slovakia,2022-01-14,10,14,16.66,13.25,0.04
Slovakia,2022-01-14,15,17,42.04,38.46,0.6
Slovakia,2022-01-14,18,24,58.06,55.46,13.33
Slovakia,2022-01-14,25,49,55.29,53.65,19.55
Slovakia,2022-01-14,5,9,1.93,0.09,0.0
Slovakia,2022-01-14,50,59,62.71,61.56,30.88
Slovakia,2022-01-14,60,69,70.83,69.29,54.76
Slovakia,2022-01-14,70,79,71.46,70.41,60.71
Slovakia,2022-01-14,80,,59.62,58.01,49.56
Slovakia,2022-01-21,0,4,0.01,0.01,0.0
Slovakia,2022-01-21,10,14,17.47,13.49,0.05
Slovakia,2022-01-21,15,17,42.52,38.92,0.69
Slovakia,2022-01-21,18,24,58.41,55.81,16.41
Slovakia,2022-01-21,25,49,55.47,53.88,22.42
Slovakia,2022-01-21,5,9,2.69,0.1,0.0
Slovakia,2022-01-21,50,59,62.83,61.75,33.82
Slovakia,2022-01-21,60,69,70.97,69.68,56.2
Slovakia,2022-01-21,70,79,71.6,70.76,61.69
Slovakia,2022-01-21,80,,59.81,58.41,50.48
Slovakia,2022-01-28,0,4,0.01,0.01,0.0
Slovakia,2022-01-28,10,14,18.08,14.26,0.05
Slovakia,2022-01-28,15,17,42.89,39.41,0.75
Slovakia,2022-01-28,18,24,58.67,56.11,18.52
Slovakia,2022-01-28,25,49,55.61,54.07,24.35
Slovakia,2022-01-28,5,9,3.23,0.71,0.0
Slovakia,2022-01-28,50,59,62.93,61.91,35.57
Slovakia,2022-01-28,60,69,71.08,70.02,57.4
Slovakia,2022-01-28,70,79,71.71,71.05,62.57
Slovakia,2022-01-28,80,,59.95,58.74,51.26
Slovakia,2022-02-04,10,14,18.35,15.01,0.06
Slovakia,2022-02-04,15,17,43.04,39.95,0.78
Slovakia,2022-02-04,18,24,58.82,56.42,19.81
Slovakia,2022-02-04,25,49,55.68,54.25,25.23
Slovakia,2022-02-04,5,9,3.41,1.27,0.0
Slovakia,2022-02-04,50,59,62.98,62.04,36.34
Slovakia,2022-02-04,60,69,71.12,70.23,57.77
Slovakia,2022-02-04,70,79,71.75,71.26,62.84
Slovakia,2022-02-04,80,,60.01,58.99,51.55
Slovakia,2022-02-11,10,14,18.49,15.76,0.06
Slovakia,2022-02-11,15,17,43.16,40.39,0.83
Slovakia,2022-02-11,18,24,58.92,56.66,20.61
Slovakia,2022-02-11,25,49,55.73,54.39,25.75
Slovakia,2022-02-11,5,9,3.53,1.93,0.0
Slovakia,2022-02-11,50,59,63.01,62.15,36.82
Slovakia,2022-02-11,60,69,71.14,70.38,57.92
Slovakia,2022-02-11,70,79,71.77,71.41,62.97
Slovakia,2022-02-11,80,,60.04,59.17,51.67
Slovakia,2022-02-18,0,4,0.01,0.01,0.0
Slovakia,2022-02-18,10,14,18.58,16.29,0.39
Slovakia,2022-02-18,15,17,43.22,40.71,1.79
Slovakia,2022-02-18,18,24,58.98,56.84,20.99
Slovakia,2022-02-18,25,49,55.75,54.49,26.03
Slovakia,2022-02-18,5,9,3.6,2.4,0.0
Slovakia,2022-02-18,50,59,63.03,62.23,37.1
Slovakia,2022-02-18,60,69,71.15,70.48,58.03
Slovakia,2022-02-18,70,79,71.78,71.52,63.06
Slovakia,2022-02-18,80,,60.06,59.32,51.77
Slovakia,2022-02-25,10,14,18.63,16.6,0.52
Slovakia,2022-02-25,15,17,43.26,40.9,2.28
Slovakia,2022-02-25,18,24,59.01,56.96,21.21
Slovakia,2022-02-25,25,49,55.77,54.57,26.21
Slovakia,2022-02-25,5,9,3.62,2.61,0.0
Slovakia,2022-02-25,50,59,63.04,62.29,37.28
Slovakia,2022-02-25,60,69,71.16,70.55,58.12
Slovakia,2022-02-25,70,79,71.79,71.59,63.14
Slovakia,2022-02-25,80,,60.07,59.42,51.87
Slovakia,2022-03-04,10,14,18.66,16.77,0.56
Slovakia,2022-03-04,15,17,43.28,41.02,2.44
Slovakia,2022-03-04,18,24,59.03,57.03,21.32
Slovakia,2022-03-04,25,49,55.78,54.61,26.32
Slovakia,2022-03-04,5,9,3.64,2.72,0.0
Slovakia,2022-03-04,50,59,63.04,62.33,37.39
Slovakia,2022-03-04,60,69,71.16,70.58,58.18
Slovakia,2022-03-04,70,79,71.79,71.62,63.19
Slovakia,2022-03-04,80,,60.07,59.46,51.92
Slovakia,2022-03-11,0,4,0.01,0.01,0.0
Slovakia,2022-03-11,10,14,18.68,16.9,0.6
Slovakia,2022-03-11,15,17,43.3,41.1,2.59
Slovakia,2022-03-11,18,24,59.05,57.08,21.42
Slovakia,2022-03-11,25,49,55.79,54.65,26.42
Slovakia,2022-03-11,5,9,3.66,2.85,0.0
Slovakia,2022-03-11,50,59,63.05,62.35,37.48
Slovakia,2022-03-11,60,69,71.16,70.6,58.25
Slovakia,2022-03-11,70,79,71.79,71.64,63.25
Slovakia,2022-03-11,80,,60.08,59.48,51.97
Slovakia,2022-03-18,0,4,0.01,0.01,0.0
Slovakia,2022-03-18,10,14,18.71,16.99,0.62
Slovakia,2022-03-18,15,17,43.32,41.16,2.69
Slovakia,2022-03-18,18,24,59.07,57.12,21.51
Slovakia,2022-03-18,25,49,55.81,54.67,26.51
Slovakia,2022-03-18,5,9,3.67,2.92,0.0
Slovakia,2022-03-18,50,59,63.06,62.37,37.56
Slovakia,2022-03-18,60,69,71.17,70.61,58.3
Slovakia,2022-03-18,70,79,71.8,71.65,63.31
Slovakia,2022-03-18,80,,60.09,59.5,52.03
Slovakia,2022-03-25,0,4,0.01,0.01,0.0
Slovakia,2022-03-25,10,14,18.73,17.05,0.65
Slovakia,2022-03-25,15,17,43.33,41.2,2.77
Slovakia,2022-03-25,18,24,59.08,57.14,21.6
Slovakia,2022-03-25,25,49,55.82,54.69,26.61
Slovakia,2022-03-25,5,9,3.68,2.97,0.0
Slovakia,2022-03-25,50,59,63.07,62.38,37.65
Slovakia,2022-03-25,60,69,71.18,70.62,58.34
Slovakia,2022-03-25,70,79,71.81,71.66,63.35
Slovakia,2022-03-25,80,,60.09,59.51,52.09
Slovakia,2022-04-01,10,14,18.75,17.1,0.67
Slovakia,2022-04-01,15,17,43.35,41.23,2.87
Slovakia,2022-04-01,18,24,59.09,57.16,21.7
Slovakia,2022-04-01,25,49,55.83,54.7,26.7
Slovakia,2022-04-01,5,9,3.69,3.0,0.0
Slovakia,2022-04-01,50,59,63.08,62.39,37.74
Slovakia,2022-04-01,60,69,71.18,70.63,58.38
Slovakia,2022-04-01,70,79,71.81,71.66,63.39
Slovakia,2022-04-01,80,,60.1,59.52,52.14
Slovakia,2022-04-08,10,14,18.76,17.13,0.69
Slovakia,2022-04-08,15,17,43.37,41.25,2.93
Slovakia,2022-04-08,18,24,59.1,57.18,21.78
Slovakia,2022-04-08,25,49,55.83,54.71,26.77
Slovakia,2022-04-08,5,9,3.7,3.02,0.0
Slovakia,2022-04-08,50,59,63.08,62.4,37.8
Slovakia,2022-04-08,60,69,71.19,70.64,58.41
Slovakia,2022-04-08,70,79,71.82,71.67,63.42
Slovakia,2022-04-08,80,,60.11,59.54,52.17
Slovakia,2022-04-15,10,14,18.78,17.16,0.7
Slovakia,2022-04-15,15,17,43.37,41.26,2.98
Slovakia,2022-04-15,18,24,59.11,57.19,21.83
Slovakia,2022-04-15,25,49,55.84,54.72,26.82
Slovakia,2022-04-15,5,9,3.7,3.03,0.0
Slovakia,2022-04-15,50,59,63.08,62.4,37.84
Slovakia,2022-04-15,60,69,71.19,70.64,58.43
Slovakia,2022-04-15,70,79,71.82,71.68,63.44
Slovakia,2022-04-15,80,,60.11,59.54,52.19
Slovakia,2022-04-22,10,14,18.78,17.19,0.71
Slovakia,2022-04-22,15,17,43.38,41.28,3.03
Slovakia,2022-04-22,18,24,59.12,57.21,21.89
Slovakia,2022-04-22,25,49,55.84,54.73,26.86
Slovakia,2022-04-22,5,9,3.71,3.05,0.0
Slovakia,2022-04-22,50,59,63.09,62.41,37.87
Slovakia,2022-04-22,60,69,71.19,70.64,58.45
Slovakia,2022-04-22,70,79,71.82,71.68,63.45
Slovakia,2022-04-22,80,,60.11,59.55,52.2
Slovakia,2022-04-29,10,14,18.79,17.21,0.72
Slovakia,2022-04-29,15,17,43.38,41.3,3.07
Slovakia,2022-04-29,18,24,59.13,57.22,21.94
Slovakia,2022-04-29,25,49,55.85,54.74,26.89
Slovakia,2022-04-29,5,9,3.71,3.06,0.0
Slovakia,2022-04-29,50,59,63.09,62.42,37.9
Slovakia,2022-04-29,60,69,71.19,70.65,58.48
Slovakia,2022-04-29,70,79,71.82,71.69,63.47
Slovakia,2022-04-29,80,,60.12,59.55,52.24
Slovakia,2022-05-06,10,14,18.8,17.24,0.73
Slovakia,2022-05-06,15,17,43.39,41.31,3.12
Slovakia,2022-05-06,18,24,59.14,57.23,21.98
Slovakia,2022-05-06,25,49,55.85,54.75,26.93
Slovakia,2022-05-06,5,9,3.72,3.08,0.0
Slovakia,2022-05-06,50,59,63.09,62.42,37.92
Slovakia,2022-05-06,60,69,71.19,70.65,58.49
Slovakia,2022-05-06,70,79,71.82,71.69,63.48
Slovakia,2022-05-06,80,,60.12,59.56,52.25
Slovakia,2022-05-13,10,14,18.81,17.25,0.74
Slovakia,2022-05-13,15,17,43.39,41.32,3.16
Slovakia,2022-05-13,18,24,59.14,57.24,22.03
Slovakia,2022-05-13,25,49,55.86,54.75,26.96
Slovakia,2022-05-13,5,9,3.72,3.08,0.0
Slovakia,2022-05-13,50,59,63.09,62.43,37.94
Slovakia,2022-05-13,60,69,71.19,70.65,58.5
Slovakia,2022-05-13,70,79,71.82,71.69,63.49
Slovakia,2022-05-13,80,,60.12,59.56,52.27
Slovakia,2022-05-20,10,14,18.81,17.26,0.75
Slovakia,2022-05-20,15,17,43.4,41.33,3.21
Slovakia,2022-05-20,18,24,59.15,57.25,22.06
Slovakia,2022-05-20,25,49,55.86,54.76,26.98
Slovakia,2022-05-20,5,9,3.72,3.09,0.0
Slovakia,2022-05-20,50,59,63.1,62.43,37.96
Slovakia,2022-05-20,60,69,71.2,70.66,58.52
Slovakia,2022-05-20,70,79,71.83,71.7,63.5
Slovakia,2022-05-20,80,,60.12,59.56,52.28
Slovakia,2022-05-27,10,14,18.82,17.28,0.76
Slovakia,2022-05-27,15,17,43.41,41.34,3.25
Slovakia,2022-05-27,18,24,59.16,57.26,22.11
Slovakia,2022-05-27,25,49,55.86,54.76,27.01
Slovakia,2022-05-27,5,9,3.72,3.1,0.0
Slovakia,2022-05-27,50,59,63.1,62.43,37.98
Slovakia,2022-05-27,60,69,71.2,70.66,58.52
Slovakia,2022-05-27,70,79,71.83,71.7,63.51
Slovakia,2022-05-27,80,,60.12,59.57,52.3
Slovakia,2022-06-03,10,14,18.83,17.29,0.77
Slovakia,2022-06-03,15,17,43.41,41.35,3.28
Slovakia,2022-06-03,18,24,59.16,57.26,22.14
Slovakia,2022-06-03,25,49,55.86,54.77,27.02
Slovakia,2022-06-03,5,9,3.73,3.1,0.0
Slovakia,2022-06-03,50,59,63.1,62.44,37.99
Slovakia,2022-06-03,60,69,71.2,70.66,58.53
Slovakia,2022-06-03,70,79,71.83,71.7,63.51
Slovakia,2022-06-03,80,,60.12,59.57,52.3
Slovakia,2022-06-10,10,14,18.84,17.3,0.78
Slovakia,2022-06-10,15,17,43.42,41.36,3.29
Slovakia,2022-06-10,18,24,59.17,57.27,22.17
Slovakia,2022-06-10,25,49,55.87,54.77,27.04
Slovakia,2022-06-10,5,9,3.73,3.11,0.0
Slovakia,2022-06-10,50,59,63.1,62.44,37.99
Slovakia,2022-06-10,60,69,71.2,70.66,58.53
Slovakia,2022-06-10,70,79,71.83,71.7,63.52
Slovakia,2022-06-10,80,,60.12,59.57,52.3
Slovakia,2022-06-17,10,14,18.84,17.31,0.78
Slovakia,2022-06-17,15,17,43.42,41.36,3.31
Slovakia,2022-06-17,18,24,59.17,57.28,22.19
Slovakia,2022-06-17,25,49,55.87,54.77,27.05
Slovakia,2022-06-17,5,9,3.73,3.11,0.0
Slovakia,2022-06-17,50,59,63.1,62.44,38.0
Slovakia,2022-06-17,60,69,71.2,70.66,58.53
Slovakia,2022-06-17,70,79,71.83,71.7,63.52
Slovakia,2022-06-17,80,,60.13,59.58,52.31
Slovakia,2022-06-24,10,14,18.84,17.32,0.79
Slovakia,2022-06-24,15,17,43.43,41.37,3.34
Slovakia,2022-06-24,18,24,59.17,57.28,22.22
Slovakia,2022-06-24,25,49,55.87,54.78,27.07
Slovakia,2022-06-24,5,9,3.73,3.11,0.0
Slovakia,2022-06-24,50,59,63.1,62.44,38.02
Slovakia,2022-06-24,60,69,71.2,70.66,58.54
Slovakia,2022-06-24,70,79,71.83,71.7,63.52
Slovakia,2022-06-24,80,,60.13,59.58,52.32
Slovakia,2022-07-01,10,14,18.85,17.32,0.8
Slovakia,2022-07-01,15,17,43.43,41.38,3.37
Slovakia,2022-07-01,18,24,59.18,57.29,22.25
Slovakia,2022-07-01,25,49,55.87,54.78,27.08
Slovakia,2022-07-01,5,9,3.73,3.12,0.0
Slovakia,2022-07-01,50,59,63.11,62.44,38.03
Slovakia,2022-07-01,60,69,71.2,70.66,58.55
Slovakia,2022-07-01,70,79,71.83,71.7,63.53
Slovakia,2022-07-01,80,,60.13,59.58,52.32
Slovakia,2022-07-08,10,14,18.86,17.33,0.8
Slovakia,2022-07-08,15,17,43.44,41.38,3.39
Slovakia,2022-07-08,18,24,59.18,57.29,22.26
Slovakia,2022-07-08,25,49,55.88,54.78,27.1
Slovakia,2022-07-08,5,9,3.73,3.12,0.0
Slovakia,2022-07-08,50,59,63.11,62.45,38.04
Slovakia,2022-07-08,60,69,71.2,70.67,58.55
Slovakia,2022-07-08,70,79,71.83,71.7,63.53
Slovakia,2022-07-08,80,,60.13,59.58,52.32
Slovakia,2022-07-15,10,14,18.86,17.34,0.81
Slovakia,2022-07-15,15,17,43.45,41.38,3.41
Slovakia,2022-07-15,18,24,59.18,57.3,22.3
Slovakia,2022-07-15,25,49,55.88,54.78,27.12
Slovakia,2022-07-15,5,9,3.74,3.12,0.0
Slovakia,2022-07-15,50,59,63.11,62.45,38.05
Slovakia,2022-07-15,60,69,71.2,70.67,58.56
Slovakia,2022-07-15,70,79,71.83,71.7,63.54
Slovakia,2022-07-15,80,,60.13,59.58,52.32
Slovakia,2022-07-22,10,14,18.87,17.34,0.82
Slovakia,2022-07-22,15,17,43.45,41.39,3.44
Slovakia,2022-07-22,18,24,59.19,57.3,22.33
Slovakia,2022-07-22,25,49,55.88,54.79,27.14
Slovakia,2022-07-22,5,9,3.75,3.13,0.0
Slovakia,2022-07-22,50,59,63.11,62.45,38.07
Slovakia,2022-07-22,60,69,71.2,70.67,58.57
Slovakia,2022-07-22,70,79,71.83,71.7,63.55
Slovakia,2022-07-22,80,,60.13,59.58,52.33
Slovakia,2022-07-29,10,14,18.88,17.35,0.82
Slovakia,2022-07-29,15,17,43.46,41.4,3.47
Slovakia,2022-07-29,18,24,59.19,57.3,22.37
Slovakia,2022-07-29,25,49,55.88,54.79,27.16
Slovakia,2022-07-29,5,9,3.75,3.13,0.0
Slovakia,2022-07-29,50,59,63.11,62.45,38.08
Slovakia,2022-07-29,60,69,71.21,70.67,58.58
Slovakia,2022-07-29,70,79,71.83,71.71,63.56
Slovakia,2022-07-29,80,,60.13,59.58,52.34
Slovakia,2022-08-05,10,14,18.88,17.35,0.83
Slovakia,2022-08-05,15,17,43.46,41.4,3.48
Slovakia,2022-08-05,18,24,59.2,57.31,22.39
Slovakia,2022-08-05,25,49,55.89,54.79,27.18
Slovakia,2022-08-05,5,9,3.75,3.13,0.0
Slovakia,2022-08-05,50,59,63.11,62.45,38.1
Slovakia,2022-08-05,60,69,71.21,70.67,58.59
Slovakia,2022-08-05,70,79,71.83,71.71,63.57
Slovakia,2022-08-05,80,,60.14,59.58,52.36
Slovakia,2022-08-12,10,14,18.89,17.36,0.84
Slovakia,2022-08-12,15,17,43.46,41.41,3.51
Slovakia,2022-08-12,18,24,59.2,57.31,22.43
Slovakia,2022-08-12,25,49,55.89,54.79,27.2
Slovakia,2022-08-12,5,9,3.75,3.13,0.0
Slovakia,2022-08-12,50,59,63.12,62.45,38.11
Slovakia,2022-08-12,60,69,71.21,70.67,58.6
Slovakia,2022-08-12,70,79,71.83,71.71,63.57
Slovakia,2022-08-12,80,,60.14,59.59,52.37
Slovakia,2022-08-19,10,14,18.89,17.36,0.84
Slovakia,2022-08-19,15,17,43.47,41.42,3.53
Slovakia,2022-08-19,18,24,59.21,57.32,22.46
Slovakia,2022-08-19,25,49,55.89,54.8,27.22
Slovakia,2022-08-19,5,9,3.76,3.13,0.0
Slovakia,2022-08-19,50,59,63.12,62.45,38.13
Slovakia,2022-08-19,60,69,71.21,70.67,58.61
Slovakia,2022-08-19,70,79,71.83,71.71,63.58
Slovakia,2022-08-19,80,,60.14,59.59,52.38
Slovakia,2022-08-26,10,14,18.89,17.37,0.85
Slovakia,2022-08-26,15,17,43.47,41.42,3.55
Slovakia,2022-08-26,18,24,59.21,57.32,22.48
Slovakia,2022-08-26,25,49,55.89,54.8,27.23
Slovakia,2022-08-26,5,9,3.76,3.14,0.0
Slovakia,2022-08-26,50,59,63.12,62.46,38.14
Slovakia,2022-08-26,60,69,71.21,70.67,58.62
Slovakia,2022-08-26,70,79,71.84,71.71,63.59
Slovakia,2022-08-26,80,,60.14,59.59,52.39
Slovakia,2022-09-02,10,14,18.9,17.37,0.85
Slovakia,2022-09-02,15,17,43.48,41.43,3.56
Slovakia,2022-09-02,18,24,59.21,57.33,22.49
Slovakia,2022-09-02,25,49,55.89,54.8,27.24
Slovakia,2022-09-02,5,9,3.76,3.14,0.0
Slovakia,2022-09-02,50,59,63.12,62.46,38.14
Slovakia,2022-09-02,60,69,71.21,70.67,58.62
Slovakia,2022-09-02,70,79,71.84,71.71,63.59
Slovakia,2022-09-02,80,,60.14,59.59,52.4
Slovakia,2022-09-09,10,14,18.9,17.38,0.85
Slovakia,2022-09-09,15,17,43.48,41.43,3.57
Slovakia,2022-09-09,18,24,59.22,57.33,22.51
Slovakia,2022-09-09,25,49,55.9,54.81,27.25
Slovakia,2022-09-09,5,9,3.76,3.15,0.0
Slovakia,2022-09-09,50,59,63.12,62.46,38.15
Slovakia,2022-09-09,60,69,71.21,70.67,58.63
Slovakia,2022-09-09,70,79,71.84,71.71,63.6
Slovakia,2022-09-09,80,,60.15,59.59,52.42
Slovakia,2022-09-16,10,14,18.9,17.38,0.86
Slovakia,2022-09-16,15,17,43.48,41.43,3.58
Slovakia,2022-09-16,18,24,59.22,57.33,22.52
Slovakia,2022-09-16,25,49,55.9,54.81,27.25
Slovakia,2022-09-16,5,9,3.76,3.15,0.0
Slovakia,2022-09-16,50,59,63.12,62.46,38.16
Slovakia,2022-09-16,60,69,71.21,70.68,58.63
Slovakia,2022-09-16,70,79,71.84,71.71,63.6
Slovakia,2022-09-16,80,,60.15,59.59,52.43
Slovakia,2022-09-23,10,14,18.91,17.39,0.86
Slovakia,2022-09-23,15,17,43.49,41.44,3.58
Slovakia,2022-09-23,18,24,59.22,57.34,22.53
Slovakia,2022-09-23,25,49,55.9,54.81,27.26
Slovakia,2022-09-23,5,9,3.77,3.15,0.0
Slovakia,2022-09-23,50,59,63.12,62.46,38.17
Slovakia,2022-09-23,60,69,71.21,70.68,58.64
Slovakia,2022-09-23,70,79,71.84,71.71,63.61
Slovakia,2022-09-23,80,,60.16,59.59,52.43
Slovakia,2022-09-30,10,14,18.91,17.39,0.86
Slovakia,2022-09-30,15,17,43.49,41.44,3.59
Slovakia,2022-09-30,18,24,59.22,57.34,22.53
Slovakia,2022-09-30,25,49,55.9,54.81,27.27
Slovakia,2022-09-30,5,9,3.77,3.15,0.0
Slovakia,2022-09-30,50,59,63.13,62.46,38.17
Slovakia,2022-09-30,60,69,71.21,70.68,58.64
Slovakia,2022-09-30,70,79,71.84,71.71,63.61
Slovakia,2022-09-30,80,,60.16,59.59,52.44
Slovakia,2022-10-07,10,14,18.91,17.39,0.87
Slovakia,2022-10-07,15,17,43.49,41.44,3.61
Slovakia,2022-10-07,18,24,59.23,57.34,22.54
Slovakia,2022-10-07,25,49,55.9,54.81,27.28
Slovakia,2022-10-07,5,9,3.77,3.15,0.0
Slovakia,2022-10-07,50,59,63.13,62.47,38.18
Slovakia,2022-10-07,60,69,71.22,70.68,58.65
Slovakia,2022-10-07,70,79,71.84,71.71,63.61
Slovakia,2022-10-07,80,,60.17,59.6,52.45
Slovakia,2022-10-14,10,14,18.91,17.4,0.87
Slovakia,2022-10-14,15,17,43.49,41.44,3.62
Slovakia,2022-10-14,18,24,59.23,57.34,22.55
Slovakia,2022-10-14,25,49,55.9,54.81,27.29
Slovakia,2022-10-14,5,9,3.77,3.15,0.0
Slovakia,2022-10-14,50,59,63.13,62.47,38.19
Slovakia,2022-10-14,60,69,71.22,70.68,58.65
Slovakia,2022-10-14,70,79,71.84,71.71,63.62
Slovakia,2022-10-14,80,,60.17,59.6,52.46
Slovakia,2022-10-21,10,14,18.91,17.4,0.88
Slovakia,2022-10-21,15,17,43.49,41.45,3.63
Slovakia,2022-10-21,18,24,59.23,57.34,22.55
Slovakia,2022-10-21,25,49,55.9,54.82,27.3
Slovakia,2022-10-21,5,9,3.77,3.15,0.0
Slovakia,2022-10-21,50,59,63.13,62.47,38.2
Slovakia,2022-10-21,60,69,71.22,70.68,58.66
Slovakia,2022-10-21,70,79,71.84,71.71,63.63
Slovakia,2022-10-21,80,,60.17,59.6,52.46
Slovakia,2022-10-28,10,14,18.91,17.4,0.89
Slovakia,2022-10-28,15,17,43.49,41.45,3.65
Slovakia,2022-10-28,18,24,59.23,57.35,22.56
Slovakia,2022-10-28,25,49,55.9,54.82,27.31
Slovakia,2022-10-28,5,9,3.77,3.16,0.0
Slovakia,2022-10-28,50,59,63.13,62.47,38.21
Slovakia,2022-10-28,60,69,71.22,70.68,58.66
Slovakia,2022-10-28,70,79,71.84,71.71,63.63
Slovakia,2022-10-28,80,,60.17,59.6,52.47
Slovakia,2022-11-04,10,14,18.91,17.4,0.89
Slovakia,2022-11-04,15,17,43.49,41.45,3.66
Slovakia,2022-11-04,18,24,59.23,57.35,22.56
Slovakia,2022-11-04,25,49,55.91,54.82,27.31
Slovakia,2022-11-04,5,9,3.77,3.16,0.0
Slovakia,2022-11-04,50,59,63.13,62.47,38.21
Slovakia,2022-11-04,60,69,71.22,70.68,58.67
Slovakia,2022-11-04,70,79,71.84,71.71,63.63
Slovakia,2022-11-04,80,,60.17,59.6,52.48
Slovakia,2022-11-11,10,14,18.92,17.41,0.9
Slovakia,2022-11-11,15,17,43.49,41.45,3.66
Slovakia,2022-11-11,18,24,59.23,57.35,22.57
Slovakia,2022-11-11,25,49,55.91,54.82,27.32
Slovakia,2022-11-11,5,9,3.77,3.16,0.0
Slovakia,2022-11-11,50,59,63.13,62.47,38.21
Slovakia,2022-11-11,60,69,71.22,70.68,58.67
Slovakia,2022-11-11,70,79,71.84,71.71,63.64
Slovakia,2022-11-11,80,,60.17,59.6,52.49
Slovakia,2022-11-18,10,14,18.92,17.41,0.9
Slovakia,2022-11-18,15,17,43.49,41.45,3.67
Slovakia,2022-11-18,18,24,59.23,57.35,22.57
Slovakia,2022-11-18,25,49,55.91,54.82,27.32
Slovakia,2022-11-18,5,9,3.77,3.16,0.0
Slovakia,2022-11-18,50,59,63.13,62.47,38.22
Slovakia,2022-11-18,60,69,71.22,70.68,58.67
Slovakia,2022-11-18,70,79,71.84,71.72,63.64
Slovakia,2022-11-18,80,,60.17,59.6,52.49
Slovakia,2022-11-25,0,4,0.01,0.01,0.0
Slovakia,2022-11-25,10,14,18.92,17.41,0.9
Slovakia,2022-11-25,15,17,43.49,41.45,3.67
Slovakia,2022-11-25,18,24,59.23,57.35,22.58
Slovakia,2022-11-25,25,49,55.91,54.82,27.33
Slovakia,2022-11-25,5,9,3.77,3.16,0.0
Slovakia,2022-11-25,50,59,63.13,62.47,38.22
Slovakia,2022-11-25,60,69,71.22,70.69,58.68
Slovakia,2022-11-25,70,79,71.84,71.72,63.64
Slovakia,2022-11-25,80,,60.18,59.61,52.51
Slovakia,2022-12-02,10,14,18.92,17.41,0.9
Slovakia,2022-12-02,15,17,43.49,41.46,3.67
Slovakia,2022-12-02,18,24,59.23,57.35,22.58
Slovakia,2022-12-02,25,49,55.91,54.82,27.33
Slovakia,2022-12-02,50,59,63.13,62.47,38.23
Slovakia,2022-12-02,60,69,71.22,70.69,58.68
Slovakia,2022-12-02,70,79,71.84,71.72,63.64
Slovakia,2022-12-02,80,,60.18,59.61,52.51
Slovakia,2022-12-09,10,14,18.92,17.41,0.9
Slovakia,2022-12-09,15,17,43.49,41.46,3.68
Slovakia,2022-12-09,18,24,59.24,57.35,22.58
Slovakia,2022-12-09,25,49,55.91,54.82,27.33
Slovakia,2022-12-09,50,59,63.13,62.47,38.23
Slovakia,2022-12-09,60,69,71.22,70.69,58.68
Slovakia,2022-12-09,70,79,71.84,71.72,63.65
Slovakia,2022-12-09,80,,60.18,59.61,52.52
Slovakia,2022-12-16,10,14,18.92,17.41,0.9
Slovakia,2022-12-16,15,17,43.49,41.46,3.68
Slovakia,2022-12-16,18,24,59.24,57.35,22.59
Slovakia,2022-12-16,25,49,55.91,54.83,27.34
Slovakia,2022-12-16,5,9,3.77,3.16,0.0
Slovakia,2022-12-16,50,59,63.13,62.47,38.23
Slovakia,2022-12-16,60,69,71.22,70.69,58.69
Slovakia,2022-12-16,70,79,71.84,71.72,63.65
Slovakia,2022-12-16,80,,60.18,59.61,52.52
Slovakia,2022-12-23,10,14,18.92,17.41,0.9
Slovakia,2022-12-23,15,17,43.49,41.46,3.69
Slovakia,2022-12-23,18,24,59.24,57.35,22.59
Slovakia,2022-12-23,25,49,55.91,54.83,27.34
Slovakia,2022-12-23,5,9,3.77,3.16,0.0
Slovakia,2022-12-23,50,59,63.13,62.47,38.23
Slovakia,2022-12-23,60,69,71.22,70.69,58.69
Slovakia,2022-12-23,70,79,71.84,71.72,63.65
Slovakia,2022-12-23,80,,60.18,59.61,52.53
Slovakia,2022-12-30,10,14,18.92,17.41,0.91
Slovakia,2022-12-30,15,17,43.49,41.46,3.69
Slovakia,2022-12-30,18,24,59.24,57.35,22.59
Slovakia,2022-12-30,25,49,55.91,54.83,27.34
Slovakia,2022-12-30,5,9,3.77,3.16,0.0
Slovakia,2022-12-30,50,59,63.13,62.47,38.24
Slovakia,2022-12-30,60,69,71.22,70.69,58.69
Slovakia,2022-12-30,70,79,71.84,71.72,63.65
Slovakia,2022-12-30,80,,60.18,59.61,52.53
Slovakia,2023-01-06,10,14,18.92,17.41,0.91
Slovakia,2023-01-06,15,17,43.49,41.46,3.69
Slovakia,2023-01-06,18,24,59.24,57.36,22.59
Slovakia,2023-01-06,25,49,55.91,54.83,27.34
Slovakia,2023-01-06,5,9,3.77,3.16,0.0
Slovakia,2023-01-06,50,59,63.13,62.47,38.24
Slovakia,2023-01-06,60,69,71.22,70.69,58.69
Slovakia,2023-01-06,70,79,71.84,71.72,63.65
Slovakia,2023-01-06,80,,60.18,59.61,52.53
Slovakia,2023-01-13,10,14,18.92,17.41,0.91
Slovakia,2023-01-13,15,17,43.5,41.46,3.69
Slovakia,2023-01-13,18,24,59.24,57.36,22.59
Slovakia,2023-01-13,25,49,55.91,54.83,27.34
Slovakia,2023-01-13,5,9,3.77,3.16,0.0
Slovakia,2023-01-13,50,59,63.13,62.47,38.24
Slovakia,2023-01-13,60,69,71.22,70.69,58.69
Slovakia,2023-01-13,70,79,71.84,71.72,63.65
Slovakia,2023-01-13,80,,60.18,59.61,52.53
Slovakia,2023-01-20,10,14,18.92,17.41,0.91
Slovakia,2023-01-20,15,17,43.5,41.46,3.69
Slovakia,2023-01-20,18,24,59.24,57.36,22.6
Slovakia,2023-01-20,25,49,55.92,54.83,27.35
Slovakia,2023-01-20,5,9,3.77,3.16,0.0
Slovakia,2023-01-20,50,59,63.13,62.48,38.24
Slovakia,2023-01-20,60,69,71.22,70.69,58.69
Slovakia,2023-01-20,70,79,71.85,71.72,63.65
Slovakia,2023-01-20,80,,60.18,59.61,52.53
Slovakia,2023-01-27,10,14,18.92,17.41,0.91
Slovakia,2023-01-27,15,17,43.5,41.46,3.7
Slovakia,2023-01-27,18,24,59.24,57.36,22.6
Slovakia,2023-01-27,25,49,55.92,54.83,27.35
Slovakia,2023-01-27,5,9,3.77,3.16,0.0
Slovakia,2023-01-27,50,59,63.13,62.48,38.24
Slovakia,2023-01-27,60,69,71.22,70.69,58.69
Slovakia,2023-01-27,70,79,71.85,71.72,63.65
Slovakia,2023-01-27,80,,60.18,59.61,52.53
Slovakia,2023-02-03,10,14,18.92,17.41,0.91
Slovakia,2023-02-03,15,17,43.5,41.46,3.7
Slovakia,2023-02-03,18,24,59.24,57.36,22.6
Slovakia,2023-02-03,25,49,55.92,54.83,27.35
Slovakia,2023-02-03,5,9,3.77,3.16,0.0
Slovakia,2023-02-03,50,59,63.13,62.48,38.24
Slovakia,2023-02-03,60,69,71.22,70.69,58.69
Slovakia,2023-02-03,70,79,71.85,71.72,63.65
Slovakia,2023-02-03,80,,60.18,59.61,52.53
Slovakia,2023-02-10,10,14,18.92,17.41,0.91
Slovakia,2023-02-10,15,17,43.5,41.46,3.7
Slovakia,2023-02-10,18,24,59.25,57.36,22.6
Slovakia,2023-02-10,25,49,55.92,54.83,27.35
Slovakia,2023-02-10,5,9,3.78,3.16,0.0
Slovakia,2023-02-10,50,59,63.13,62.48,38.24
Slovakia,2023-02-10,60,69,71.22,70.69,58.69
Slovakia,2023-02-10,70,79,71.85,71.72,63.65
Slovakia,2023-02-10,80,,60.18,59.61,52.53
Slovakia,2023-02-17,0,4,0.01,0.01,0.0
Slovakia,2023-02-17,10,14,18.92,17.41,0.91
Slovakia,2023-02-17,15,17,43.5,41.46,3.7
Slovakia,2023-02-17,18,24,59.25,57.36,22.6
Slovakia,2023-02-17,25,49,55.92,54.83,27.35
Slovakia,2023-02-17,5,9,3.78,3.16,0.01
Slovakia,2023-02-17,50,59,63.13,62.48,38.24
Slovakia,2023-02-17,60,69,71.22,70.69,58.69
Slovakia,2023-02-17,70,79,71.85,71.72,63.65
Slovakia,2023-02-17,80,,60.18,59.61,52.53
Slovakia,2023-02-24,10,14,18.92,17.41,0.91
Slovakia,2023-02-24,15,17,43.5,41.46,3.7
Slovakia,2023-02-24,18,24,59.25,57.37,22.6
Slovakia,2023-02-24,25,49,55.92,54.83,27.35
Slovakia,2023-02-24,50,59,63.13,62.48,38.25
Slovakia,2023-02-24,60,69,71.22,70.69,58.69
Slovakia,2023-02-24,70,79,71.85,71.72,63.65
Slovakia,2023-02-24,80,,60.18,59.61,52.53
Slovakia,2023-03-03,10,14,18.92,17.41,0.91
Slovakia,2023-03-03,15,17,43.5,41.46,3.7
Slovakia,2023-03-03,18,24,59.25,57.37,22.6
Slovakia,2023-03-03,25,49,55.92,54.83,27.35
Slovakia,2023-03-03,5,9,3.78,3.16,0.01
Slovakia,2023-03-03,50,59,63.14,62.48,38.25
Slovakia,2023-03-03,60,69,71.22,70.69,58.69
Slovakia,2023-03-03,70,79,71.85,71.72,63.65
Slovakia,2023-03-03,80,,60.18,59.61,52.53
Slovakia,2023-03-10,0,4,0.01,0.01,0.0
Slovakia,2023-03-10,10,14,18.92,17.41,0.91
Slovakia,2023-03-10,15,17,43.5,41.46,3.7
Slovakia,2023-03-10,18,24,59.25,57.37,22.61
Slovakia,2023-03-10,25,49,55.92,54.83,27.35
Slovakia,2023-03-10,5,9,3.78,3.17,0.01
Slovakia,2023-03-10,50,59,63.14,62.48,38.25
Slovakia,2023-03-10,60,69,71.22,70.69,58.69
Slovakia,2023-03-10,70,79,71.85,71.72,63.65
Slovakia,2023-03-10,80,,60.18,59.61,52.54
Slovakia,2023-03-17,10,14,18.92,17.42,0.91
Slovakia,2023-03-17,15,17,43.51,41.46,3.7
Slovakia,2023-03-17,18,24,59.25,57.37,22.61
Slovakia,2023-03-17,25,49,55.92,54.83,27.35
Slovakia,2023-03-17,50,59,63.14,62.48,38.25
Slovakia,2023-03-17,60,69,71.22,70.69,58.69
Slovakia,2023-03-17,70,79,71.85,71.72,63.65
Slovakia,2023-03-17,80,,60.18,59.61,52.54
Slovakia,2023-03-24,10,14,18.92,17.42,0.91
Slovakia,2023-03-24,15,17,43.51,41.47,3.7
Slovakia,2023-03-24,18,24,59.26,57.37,22.61
Slovakia,2023-03-24,25,49,55.92,54.83,27.35
Slovakia,2023-03-24,50,59,63.14,62.48,38.25
Slovakia,2023-03-24,60,69,71.22,70.69,58.69
Slovakia,2023-03-24,70,79,71.85,71.72,63.65
Slovakia,2023-03-24,80,,60.18,59.61,52.54
Slovakia,2023-03-31,10,14,18.92,17.42,0.91
Slovakia,2023-03-31,15,17,43.51,41.47,3.7
Slovakia,2023-03-31,18,24,59.26,57.37,22.61
Slovakia,2023-03-31,25,49,55.92,54.83,27.35
Slovakia,2023-03-31,50,59,63.14,62.48,38.25
Slovakia,2023-03-31,60,69,71.22,70.69,58.69
Slovakia,2023-03-31,70,79,71.85,71.72,63.65
Slovakia,2023-03-31,80,,60.18,59.61,52.54
Slovakia,2023-04-14,15,17,43.51,41.47,3.7
Slovakia,2023-04-14,18,24,59.26,57.38,22.61
Slovakia,2023-04-14,25,49,55.92,54.84,27.36
Slovakia,2023-04-14,5,9,3.78,3.17,0.01
Slovakia,2023-04-14,50,59,63.14,62.48,38.25
Slovakia,2023-04-14,60,69,71.22,70.69,58.69
Slovakia,2023-04-14,70,79,71.85,71.72,63.65
Slovakia,2023-04-14,80,,60.18,59.61,52.54
Slovakia,2023-04-21,15,17,43.51,41.47,3.7
Slovakia,2023-04-21,18,24,59.26,57.38,22.61
Slovakia,2023-04-21,25,49,55.92,54.84,27.36
Slovakia,2023-04-21,5,9,3.78,3.17,0.01
Slovakia,2023-04-21,50,59,63.14,62.48,38.25
Slovakia,2023-04-21,60,69,71.22,70.69,58.69
Slovakia,2023-04-21,70,79,71.85,71.72,63.65
Slovakia,2023-04-21,80,,60.18,59.61,52.54
Slovakia,2023-05-05,10,14,18.92,17.42,0.91
Slovakia,2023-05-05,15,17,43.51,41.47,3.7
Slovakia,2023-05-05,18,24,59.26,57.38,22.61
Slovakia,2023-05-05,25,49,55.92,54.84,27.36
Slovakia,2023-05-05,50,59,63.14,62.48,38.25
Slovakia,2023-05-05,60,69,71.22,70.69,58.69
Slovakia,2023-05-05,70,79,71.85,71.72,63.65
Slovakia,2023-05-05,80,,60.18,59.61,52.54
Slovakia,2023-06-02,10,14,18.92,17.42,0.91
Slovakia,2023-06-02,15,17,43.51,41.47,3.71
Slovakia,2023-06-02,18,24,59.26,57.38,22.61
Slovakia,2023-06-02,25,49,55.92,54.84,27.36
Slovakia,2023-06-02,50,59,63.14,62.48,38.25
Slovakia,2023-06-02,60,69,71.22,70.69,58.69
Slovakia,2023-06-02,70,79,71.85,71.72,63.66
Slovakia,2023-06-02,80,,60.18,59.61,52.54
Slovakia,2023-09-29,18,24,59.26,57.38,22.61
Slovakia,2023-09-29,25,49,55.92,54.84,27.36
Slovakia,2023-09-29,50,59,63.14,62.48,38.25
Slovakia,2023-09-29,60,69,71.22,70.69,58.69
Slovakia,2023-09-29,70,79,71.85,71.72,63.66
Slovakia,2023-09-29,80,,60.18,59.61,52.54
